timestamp,simple-path,time
"2022-06-01 23:04:04.701","/master/welcome",11222
"2022-06-01 23:04:05.869","/master/welcome",1015
"2022-06-01 23:04:11.689","/master/sign-in",5143
"2022-06-01 23:04:15.236","/master/welcome",1171
"2022-06-01 23:04:19.378","/administrator/administrator-dashboard/show",2806
"2022-06-01 23:04:20.695","/master/welcome",1258
"2022-06-01 23:04:21.868","/master/welcome",1099
"2022-06-01 23:04:25.003","/master/welcome",953
"2022-06-01 23:04:28.636","/administrator/administrator-dashboard/show",1564
"2022-06-01 23:04:29.858","/master/welcome",1140
"2022-06-01 23:04:31.041","/master/sign-in",1103
"2022-06-01 23:04:33.38","/master/welcome",1135
"2022-06-01 23:04:34.54","/administrator/administrator-dashboard/show",1084
"2022-06-01 23:04:35.596","/master/welcome",1006
"2022-06-01 23:04:36.788","/master/welcome",1118
"2022-06-01 23:04:39.919","/master/welcome",992
"2022-06-01 23:04:41.3","/master/sign-in",1179
"2022-06-01 23:04:43.602","/master/welcome",1118
"2022-06-01 23:04:44.75","/administrator/administrator-dashboard/show",1065
"2022-06-01 23:04:45.665","/master/welcome",850
"2022-06-01 23:04:47.161","/master/welcome",869
"2022-06-01 23:04:53.611","/master/welcome",717
"2022-06-01 23:04:54.59","/master/welcome",932
"2022-06-01 23:04:56.339","/master/sign-in",1144
"2022-06-01 23:04:58.841","/master/welcome",1133
"2022-06-01 23:05:03.09","/inventor/chimpum/list",3332
"2022-06-01 23:05:06.237","/inventor/chimpum/show",2187
"2022-06-01 23:05:08.225","/master/welcome",1214
"2022-06-01 23:05:09.531","/master/welcome",716
"2022-06-01 23:05:12.629","/master/welcome",1004
"2022-06-01 23:05:13.481","/master/welcome",805
"2022-06-01 23:05:14.656","/master/sign-in",1100
"2022-06-01 23:05:17.08","/master/welcome",777
"2022-06-01 23:05:18.944","/inventor/chimpum/list",1150
"2022-06-01 23:05:21.264","/inventor/chimpum/show",1409
"2022-06-01 23:05:23.314","/master/welcome",1163
"2022-06-01 23:05:24.748","/master/welcome",789
"2022-06-01 23:05:30.91","/master/welcome",800
"2022-06-01 23:05:31.882","/master/welcome",935
"2022-06-01 23:05:33.075","/master/sign-in",1106
"2022-06-01 23:05:35.47","/master/welcome",747
"2022-06-01 23:05:37.979","/inventor/item/list-my-components",2189
"2022-06-01 23:05:42.113","/inventor/item/show",3252
"2022-06-01 23:05:43.88","/inventor/chimpum/create",1142
"2022-06-01 23:05:48.006","/inventor/item/show",1276
"2022-06-01 23:05:50.183","/inventor/chimpum/list",1667
"2022-06-01 23:05:52.874","/inventor/chimpum/show",1212
"2022-06-01 23:05:55.285","/inventor/chimpum/list",796
"2022-06-01 23:05:58.64","/inventor/item/list-my-components",1110
"2022-06-01 23:06:00.576","/inventor/item/show",1111
"2022-06-01 23:06:01.471","/master/welcome",832
"2022-06-01 23:06:02.915","/master/welcome",850
"2022-06-01 23:06:06.043","/master/welcome",1019
"2022-06-01 23:06:09.069","/inventor/chimpum/create",940
"2022-06-01 23:06:09.992","/master/welcome",871
"2022-06-01 23:06:11.434","/master/sign-in",804
"2022-06-01 23:06:14.075","/master/welcome",1113
"2022-06-01 23:06:15.21","/inventor/chimpum/create",1045
"2022-06-01 23:06:16.713","/master/welcome",1440
"2022-06-01 23:06:18.203","/master/welcome",866
"2022-06-01 23:06:21.018","/master/welcome",738
"2022-06-01 23:06:22.463","/master/sign-in",837
"2022-06-01 23:06:24.568","/master/welcome",772
"2022-06-01 23:06:25.518","/inventor/chimpum/create",885
"2022-06-01 23:06:26.616","/master/welcome",1037
"2022-06-01 23:06:28.021","/master/welcome",789
"2022-06-01 23:06:30.997","/master/welcome",890
"2022-06-01 23:06:33.905","/inventor/chimpum/delete",840
"2022-06-01 23:06:34.709","/master/welcome",756
"2022-06-01 23:06:36.097","/master/sign-in",791
"2022-06-01 23:06:38.888","/master/welcome",804
"2022-06-01 23:06:40.044","/inventor/chimpum/delete",1087
"2022-06-01 23:06:41.213","/master/welcome",1108
"2022-06-01 23:06:42.489","/master/welcome",1167
"2022-06-01 23:06:45.407","/master/welcome",832
"2022-06-01 23:06:47.242","/master/sign-in",1198
"2022-06-01 23:06:49.439","/master/welcome",769
"2022-06-01 23:06:50.461","/inventor/chimpum/delete",940
"2022-06-01 23:06:51.361","/master/welcome",845
"2022-06-01 23:06:52.736","/master/welcome",760
"2022-06-01 23:06:55.592","/master/welcome",733
"2022-06-01 23:06:56.652","/master/welcome",1012
"2022-06-01 23:06:58.388","/master/sign-in",1109
"2022-06-01 23:07:01.194","/master/welcome",794
"2022-06-01 23:07:03.252","/inventor/item/list-my-components",1262
"2022-06-01 23:07:05.195","/inventor/item/show",1107
"2022-06-01 23:07:06.922","/inventor/chimpum/create",1128
"2022-06-01 23:07:09.283","/inventor/chimpum/create",1110
"2022-06-01 23:07:10.539","/master/welcome",1198
"2022-06-01 23:07:12.0","/master/welcome",857
"2022-06-01 23:07:14.946","/master/welcome",837
"2022-06-01 23:07:15.982","/master/welcome",1005
"2022-06-01 23:07:17.727","/master/sign-in",1148
"2022-06-01 23:07:20.526","/master/welcome",780
"2022-06-01 23:07:22.494","/inventor/item/list-my-components",1184
"2022-06-01 23:07:24.61","/inventor/item/show",1098
"2022-06-01 23:07:26.298","/inventor/chimpum/create",1095
"2022-06-01 23:07:29.046","/inventor/chimpum/create",1102
"2022-06-01 23:07:29.975","/master/welcome",871
"2022-06-01 23:07:31.174","/master/welcome",1109
"2022-06-01 23:07:34.161","/master/welcome",884
"2022-06-01 23:07:35.111","/master/welcome",903
"2022-06-01 23:07:36.492","/master/sign-in",774
"2022-06-01 23:07:38.576","/master/welcome",720
"2022-06-01 23:07:39.915","/inventor/item/list-my-components",1150
"2022-06-01 23:07:41.978","/inventor/item/show",1195
"2022-06-01 23:07:43.77","/inventor/chimpum/create",1178
"2022-06-01 23:07:46.541","/inventor/chimpum/create",1143
"2022-06-01 23:07:47.561","/master/welcome",967
"2022-06-01 23:07:48.962","/master/welcome",776
"2022-06-01 23:07:52.115","/master/welcome",1064
"2022-06-01 23:07:53.159","/master/welcome",996
"2022-06-01 23:07:54.686","/master/sign-in",897
"2022-06-01 23:07:56.816","/master/welcome",800
"2022-06-01 23:07:58.14","/inventor/item/list-my-components",1151
"2022-06-01 23:08:00.12","/inventor/item/show",1145
"2022-06-01 23:08:01.848","/inventor/chimpum/create",1118
"2022-06-01 23:08:04.589","/inventor/chimpum/create",1123
"2022-06-01 23:08:05.721","/master/welcome",1072
"2022-06-01 23:08:07.039","/master/welcome",724
"2022-06-01 23:08:09.971","/master/welcome",820
"2022-06-01 23:08:10.854","/master/welcome",852
"2022-06-01 23:08:12.313","/master/sign-in",839
"2022-06-01 23:08:15.224","/master/welcome",763
"2022-06-01 23:08:16.558","/inventor/item/list-my-components",1155
"2022-06-01 23:08:18.505","/inventor/item/show",1084
"2022-06-01 23:08:19.67","/inventor/chimpum/create",1101
"2022-06-01 23:08:22.474","/inventor/chimpum/create",1122
"2022-06-01 23:08:23.573","/master/welcome",1040
"2022-06-01 23:08:24.861","/master/welcome",682
"2022-06-01 23:08:28.329","/master/welcome",1368
"2022-06-01 23:08:29.211","/master/welcome",851
"2022-06-01 23:08:30.661","/master/sign-in",856
"2022-06-01 23:08:32.837","/master/welcome",845
"2022-06-01 23:08:34.114","/inventor/item/list-my-components",1085
"2022-06-01 23:08:36.152","/inventor/item/show",1119
"2022-06-01 23:08:37.858","/inventor/chimpum/create",1106
"2022-06-01 23:08:40.118","/inventor/chimpum/create",1105
"2022-06-01 23:08:41.068","/master/welcome",903
"2022-06-01 23:08:42.379","/master/welcome",713
"2022-06-01 23:08:45.352","/master/welcome",831
"2022-06-01 23:08:46.182","/master/welcome",802
"2022-06-01 23:08:47.567","/master/sign-in",771
"2022-06-01 23:08:49.728","/master/welcome",794
"2022-06-01 23:08:51.56","/inventor/item/list-my-components",1094
"2022-06-01 23:08:53.545","/inventor/item/show",1108
"2022-06-01 23:08:54.717","/inventor/chimpum/create",1097
"2022-06-01 23:08:57.642","/inventor/chimpum/create",1114
"2022-06-01 23:08:58.543","/master/welcome",860
"2022-06-01 23:08:59.85","/master/welcome",707
"2022-06-01 23:09:02.843","/master/welcome",882
"2022-06-01 23:09:03.813","/master/welcome",930
"2022-06-01 23:09:04.978","/master/sign-in",1104
"2022-06-01 23:09:07.221","/master/welcome",577
"2022-06-01 23:09:09.056","/inventor/item/list-my-components",1109
"2022-06-01 23:09:10.45","/inventor/item/show",1104
"2022-06-01 23:09:11.609","/inventor/chimpum/create",1086
"2022-06-01 23:09:14.557","/inventor/chimpum/create",1114
"2022-06-01 23:09:15.567","/master/welcome",964
"2022-06-01 23:09:16.915","/master/welcome",726
"2022-06-01 23:09:19.868","/master/welcome",835
"2022-06-01 23:09:20.688","/master/welcome",792
"2022-06-01 23:09:21.846","/master/sign-in",1095
"2022-06-01 23:09:24.341","/master/welcome",803
"2022-06-01 23:09:25.752","/inventor/item/list-my-components",1177
"2022-06-01 23:09:27.707","/inventor/item/show",1120
"2022-06-01 23:09:29.41","/inventor/chimpum/create",1104
"2022-06-01 23:09:32.144","/inventor/chimpum/create",1121
"2022-06-01 23:09:33.182","/master/welcome",990
"2022-06-01 23:09:34.538","/master/welcome",762
"2022-06-01 23:09:37.521","/master/welcome",903
"2022-06-01 23:09:38.374","/master/welcome",808
"2022-06-01 23:09:39.826","/master/sign-in",865
"2022-06-01 23:09:42.022","/master/welcome",810
"2022-06-01 23:09:43.999","/inventor/item/list-my-components",1176
"2022-06-01 23:09:46.664","/inventor/item/show",1689
"2022-06-01 23:09:48.378","/inventor/chimpum/create",1109
"2022-06-01 23:09:51.122","/inventor/chimpum/create",1104
"2022-06-01 23:09:52.082","/master/welcome",911
"2022-06-01 23:09:53.57","/master/welcome",854
"2022-06-01 23:09:56.495","/master/welcome",822
"2022-06-01 23:09:57.54","/master/welcome",1017
"2022-06-01 23:09:58.74","/master/sign-in",1109
"2022-06-01 23:10:01.298","/master/welcome",803
"2022-06-01 23:10:02.611","/inventor/item/list-my-components",1145
"2022-06-01 23:10:04.603","/inventor/item/show",1122
"2022-06-01 23:10:05.758","/inventor/chimpum/create",1097
"2022-06-01 23:10:08.774","/inventor/chimpum/create",1133
"2022-06-01 23:10:09.825","/master/welcome",1010
"2022-06-01 23:10:11.339","/master/welcome",853
"2022-06-01 23:10:14.262","/master/welcome",794
"2022-06-01 23:10:15.178","/master/welcome",867
"2022-06-01 23:10:16.362","/master/sign-in",1105
"2022-06-01 23:10:18.939","/master/welcome",862
"2022-06-01 23:10:20.234","/inventor/item/list-my-components",1085
"2022-06-01 23:10:21.69","/inventor/item/show",1089
"2022-06-01 23:10:23.418","/inventor/chimpum/create",1110
"2022-06-01 23:10:27.406","/inventor/chimpum/create",1414
"2022-06-01 23:10:28.513","/master/welcome",1047
"2022-06-01 23:10:29.701","/master/welcome",1110
"2022-06-01 23:10:32.709","/master/welcome",904
"2022-06-01 23:10:33.658","/master/welcome",899
"2022-06-01 23:10:34.887","/master/sign-in",1150
"2022-06-01 23:10:37.281","/master/welcome",683
"2022-06-01 23:10:39.106","/inventor/item/list-my-components",1104
"2022-06-01 23:10:41.188","/inventor/item/show",1154
"2022-06-01 23:10:42.379","/inventor/chimpum/create",1116
"2022-06-01 23:10:45.38","/inventor/chimpum/create",1215
"2022-06-01 23:10:46.537","/master/welcome",1085
"2022-06-01 23:10:47.998","/master/welcome",841
"2022-06-01 23:10:50.888","/master/welcome",776
"2022-06-01 23:10:51.726","/master/welcome",805
"2022-06-01 23:10:52.892","/master/sign-in",1103
"2022-06-01 23:10:55.182","/master/welcome",590
"2022-06-01 23:10:57.192","/inventor/item/list-my-components",1303
"2022-06-01 23:10:59.273","/inventor/item/show",1261
"2022-06-01 23:11:01.044","/inventor/chimpum/create",1152
"2022-06-01 23:11:03.96","/inventor/chimpum/create",1112
"2022-06-01 23:11:05.212","/master/welcome",1210
"2022-06-01 23:11:06.66","/master/welcome",840
"2022-06-01 23:11:09.595","/master/welcome",809
"2022-06-01 23:11:10.481","/master/welcome",854
"2022-06-01 23:11:12.21","/master/sign-in",1113
"2022-06-01 23:11:14.934","/master/welcome",863
"2022-06-01 23:11:16.29","/inventor/item/list-my-components",1148
"2022-06-01 23:11:18.359","/inventor/item/show",1272
"2022-06-01 23:11:20.065","/inventor/chimpum/create",1105
"2022-06-01 23:11:22.943","/inventor/chimpum/create",1150
"2022-06-01 23:11:24.089","/master/welcome",1081
"2022-06-01 23:11:25.453","/master/welcome",747
"2022-06-01 23:11:28.589","/master/welcome",1008
"2022-06-01 23:11:29.522","/master/welcome",885
"2022-06-01 23:11:30.672","/master/sign-in",1080
"2022-06-01 23:11:33.159","/master/welcome",804
"2022-06-01 23:11:34.46","/inventor/item/list-my-components",1125
"2022-06-01 23:11:35.859","/inventor/item/show",1116
"2022-06-01 23:11:37.567","/inventor/chimpum/create",1635
"2022-06-01 23:11:40.467","/inventor/chimpum/create",1129
"2022-06-01 23:11:41.534","/master/welcome",1003
"2022-06-01 23:11:42.887","/master/welcome",750
"2022-06-01 23:11:49.374","/master/welcome",846
"2022-06-01 23:11:52.536","/inventor/chimpum/list",1088
"2022-06-01 23:11:53.457","/master/welcome",855
"2022-06-01 23:11:54.635","/master/sign-in",1103
"2022-06-01 23:11:56.873","/master/welcome",1112
"2022-06-01 23:11:58.109","/inventor/chimpum/list",1163
"2022-06-01 23:11:59.367","/master/welcome",1210
"2022-06-01 23:12:00.672","/master/welcome",711
"2022-06-01 23:12:03.519","/master/welcome",776
"2022-06-01 23:12:04.992","/master/sign-in",860
"2022-06-01 23:12:07.064","/master/welcome",744
"2022-06-01 23:12:08.409","/inventor/chimpum/list",1271
"2022-06-01 23:12:09.527","/master/welcome",1070
"2022-06-01 23:12:10.94","/master/welcome",806
"2022-06-01 23:12:13.935","/master/welcome",872
"2022-06-01 23:12:14.857","/master/welcome",891
"2022-06-01 23:12:16.608","/master/sign-in",1117
"2022-06-01 23:12:19.197","/master/welcome",711
"2022-06-01 23:12:21.302","/inventor/chimpum/list",1342
"2022-06-01 23:12:27.125","/master/welcome",1112
"2022-06-01 23:12:28.115","/master/welcome",938
"2022-06-01 23:12:29.294","/master/sign-in",1110
"2022-06-01 23:12:31.559","/master/welcome",756
"2022-06-01 23:12:33.665","/inventor/chimpum/list",1385
"2022-06-01 23:12:35.715","/inventor/chimpum/show",1639
"2022-06-01 23:12:39.52","/inventor/chimpum/list",893
"2022-06-01 23:12:42.475","/master/welcome",871
"2022-06-01 23:12:43.763","/master/welcome",696
"2022-06-01 23:12:46.643","/master/welcome",788
"2022-06-01 23:12:49.514","/inventor/chimpum/update",823
"2022-06-01 23:12:50.318","/master/welcome",759
"2022-06-01 23:12:51.518","/master/sign-in",1121
"2022-06-01 23:12:54.482","/master/welcome",1177
"2022-06-01 23:12:55.491","/inventor/chimpum/update",947
"2022-06-01 23:12:56.687","/master/welcome",1160
"2022-06-01 23:12:57.993","/master/welcome",712
"2022-06-01 23:13:00.83","/master/welcome",760
"2022-06-01 23:13:02.225","/master/sign-in",776
"2022-06-01 23:13:03.714","/master/welcome",579
"2022-06-01 23:13:04.733","/inventor/chimpum/update",958
"2022-06-01 23:13:05.652","/master/welcome",873
"2022-06-01 23:13:07.149","/master/welcome",872
"2022-06-01 23:13:10.011","/master/welcome",745
"2022-06-01 23:13:10.886","/master/welcome",844
"2022-06-01 23:13:12.36","/master/sign-in",866
"2022-06-01 23:13:14.451","/master/welcome",724
"2022-06-01 23:13:16.434","/inventor/chimpum/list",1270
"2022-06-01 23:13:18.492","/inventor/chimpum/show",1227
"2022-06-01 23:13:20.682","/inventor/chimpum/update",1105
"2022-06-01 23:13:22.008","/master/welcome",1281
"2022-06-01 23:13:23.238","/master/welcome",639
"2022-06-01 23:13:26.054","/master/welcome",715
"2022-06-01 23:13:26.957","/master/welcome",870
"2022-06-01 23:13:28.717","/master/sign-in",1125
"2022-06-01 23:13:31.127","/master/welcome",1103
"2022-06-01 23:13:33.095","/inventor/chimpum/list",1249
"2022-06-01 23:13:34.5","/inventor/chimpum/show",1107
"2022-06-01 23:13:37.46","/inventor/chimpum/update",1140
"2022-06-01 23:13:38.712","/master/welcome",1192
"2022-06-01 23:13:40.176","/master/welcome",854
"2022-06-01 23:13:43.217","/master/welcome",929
"2022-06-01 23:13:44.274","/master/welcome",1002
"2022-06-01 23:13:45.565","/master/sign-in",1165
"2022-06-01 23:13:48.073","/master/welcome",745
"2022-06-01 23:13:50.145","/inventor/chimpum/list",1341
"2022-06-01 23:13:52.104","/inventor/chimpum/show",1100
"2022-06-01 23:13:54.537","/inventor/chimpum/update",1124
"2022-06-01 23:13:55.672","/master/welcome",1074
"2022-06-01 23:13:57.223","/master/welcome",912
"2022-06-01 23:14:00.313","/master/welcome",987
"2022-06-01 23:14:01.423","/master/welcome",1067
"2022-06-01 23:14:02.579","/master/sign-in",1088
"2022-06-01 23:14:05.486","/master/welcome",1136
"2022-06-01 23:14:07.326","/inventor/chimpum/list",1119
"2022-06-01 23:14:09.328","/inventor/chimpum/show",1163
"2022-06-01 23:14:12.226","/inventor/chimpum/update",1120
"2022-06-01 23:14:13.207","/master/welcome",909
"2022-06-01 23:14:14.626","/master/welcome",823
"2022-06-01 23:14:17.608","/master/welcome",886
"2022-06-01 23:14:18.519","/master/welcome",847
"2022-06-01 23:14:19.73","/master/sign-in",1126
"2022-06-01 23:14:22.295","/master/welcome",774
"2022-06-01 23:14:24.26","/inventor/chimpum/list",1254
"2022-06-01 23:14:26.395","/inventor/chimpum/show",1313
"2022-06-01 23:14:28.686","/inventor/chimpum/update",1124
"2022-06-01 23:14:29.623","/master/welcome",887
"2022-06-01 23:14:31.007","/master/welcome",741
"2022-06-01 23:14:34.151","/master/welcome",1010
"2022-06-01 23:14:35.274","/master/welcome",1075
"2022-06-01 23:14:36.628","/master/sign-in",758
"2022-06-01 23:14:38.812","/master/welcome",838
"2022-06-01 23:14:40.657","/inventor/chimpum/list",1101
"2022-06-01 23:14:42.801","/inventor/chimpum/show",1269
"2022-06-01 23:14:45.904","/inventor/chimpum/update",1197
"2022-06-01 23:14:46.722","/master/welcome",772
"2022-06-01 23:14:48.13","/master/welcome",813
"2022-06-01 23:14:51.046","/master/welcome",798
"2022-06-01 23:14:52.11","/master/welcome",1011
"2022-06-01 23:14:53.888","/master/sign-in",1182
"2022-06-01 23:14:56.076","/master/welcome",868
"2022-06-01 23:14:58.022","/inventor/chimpum/list",1185
"2022-06-01 23:15:00.147","/inventor/chimpum/show",1277
"2022-06-01 23:15:03.223","/inventor/chimpum/update",1220
"2022-06-01 23:15:04.199","/master/welcome",896
"2022-06-01 23:15:05.691","/master/welcome",862
"2022-06-01 23:15:08.678","/master/welcome",864
"2022-06-01 23:15:09.714","/master/welcome",1001
"2022-06-01 23:15:11.645","/master/sign-in",1311
"2022-06-01 23:15:13.773","/master/welcome",780
"2022-06-01 23:15:15.683","/inventor/chimpum/list",1195
"2022-06-01 23:15:18.195","/inventor/chimpum/show",1660
"2022-06-01 23:15:21.235","/inventor/chimpum/update",1277
"2022-06-01 23:15:22.303","/master/welcome",1009
"2022-06-01 23:15:23.605","/master/welcome",706
"2022-06-01 23:15:26.478","/master/welcome",796
"2022-06-01 23:15:27.546","/master/welcome",1027
"2022-06-01 23:15:29.25","/master/sign-in",1108
"2022-06-01 23:15:31.65","/master/welcome",1113
"2022-06-01 23:15:33.655","/inventor/chimpum/list",1309
"2022-06-01 23:15:35.709","/inventor/chimpum/show",1195
"2022-06-01 23:15:38.532","/inventor/chimpum/update",1116
"2022-06-01 23:15:39.603","/master/welcome",1015
"2022-06-01 23:15:40.971","/master/welcome",759
"2022-06-01 23:15:43.836","/master/welcome",772
"2022-06-01 23:15:44.709","/master/welcome",839
"2022-06-01 23:15:45.877","/master/sign-in",1091
"2022-06-01 23:15:48.442","/master/welcome",813
"2022-06-01 23:15:50.322","/inventor/chimpum/list",1175
"2022-06-01 23:15:52.496","/inventor/chimpum/show",1300
"2022-06-01 23:15:55.463","/inventor/chimpum/update",1242
"2022-06-01 23:15:56.376","/master/welcome",867
"2022-06-01 23:15:57.662","/master/welcome",696
"2022-06-01 23:16:00.57","/master/welcome",825
"2022-06-01 23:16:01.637","/master/welcome",1024
"2022-06-01 23:16:02.817","/master/sign-in",1106
"2022-06-01 23:16:05.382","/master/welcome",760
"2022-06-01 23:16:07.307","/inventor/chimpum/list",1713
"2022-06-01 23:16:09.279","/inventor/chimpum/show",1115
"2022-06-01 23:16:12.32","/inventor/chimpum/update",1104
"2022-06-01 23:16:13.609","/master/welcome",1227
"2022-06-01 23:16:15.047","/master/welcome",825
"2022-06-01 23:16:17.871","/master/welcome",713
"2022-06-01 23:16:18.773","/master/welcome",872
"2022-06-01 23:16:20.142","/master/sign-in",762
"2022-06-01 23:16:22.237","/master/welcome",761
"2022-06-01 23:16:23.558","/inventor/chimpum/list",1153
"2022-06-01 23:16:25.495","/inventor/chimpum/show",1634
"2022-06-01 23:16:29.0","/inventor/chimpum/update",1211
"2022-06-01 23:16:29.937","/master/welcome",883
"2022-06-01 23:16:31.172","/master/welcome",636
"2022-06-01 23:16:34.02","/master/welcome",760
"2022-06-01 23:16:35.028","/master/welcome",966
"2022-06-01 23:16:36.204","/master/sign-in",1104
"2022-06-01 23:16:39.057","/master/welcome",1118
"2022-06-01 23:16:41.435","/inventor/chimpum/list",1647
"2022-06-01 23:16:43.625","/inventor/chimpum/show",1340
"2022-06-01 23:16:45.931","/inventor/chimpum/update",1138
"2022-06-01 23:16:47.101","/master/welcome",1116
"2022-06-01 23:16:48.503","/master/welcome",804
"2022-06-01 23:16:51.375","/master/welcome",779
"2022-06-01 23:16:52.284","/master/welcome",875
"2022-06-01 23:16:54.059","/master/sign-in",1113
"2022-06-01 23:16:56.607","/master/welcome",582
"2022-06-01 23:16:58.47","/inventor/chimpum/list",1148
"2022-06-01 23:17:00.609","/inventor/chimpum/show",1255
"2022-06-01 23:17:03.337","/inventor/chimpum/update",1130
"2022-06-01 23:17:04.194","/master/welcome",810
"2022-06-01 23:17:05.375","/master/welcome",1114
"2022-06-01 23:17:08.302","/master/welcome",840
"2022-06-01 23:17:09.391","/master/welcome",1024
"2022-06-01 23:17:10.562","/master/sign-in",1101
"2022-06-01 23:17:13.055","/master/welcome",790
"2022-06-01 23:17:14.998","/inventor/chimpum/list",1714
"2022-06-01 23:17:16.991","/inventor/chimpum/show",1106
"2022-06-01 23:17:19.347","/inventor/chimpum/update",1102
"2022-06-01 23:17:20.477","/master/welcome",1076
"2022-06-01 23:17:21.944","/master/welcome",857
"2022-06-01 23:17:24.948","/master/welcome",872
"2022-06-01 23:17:25.78","/master/welcome",789
"2022-06-01 23:17:27.178","/master/sign-in",775
"2022-06-01 23:17:29.463","/master/welcome",824
"2022-06-01 23:17:31.345","/inventor/chimpum/list",1144
"2022-06-01 23:17:33.924","/inventor/chimpum/show",1651
"2022-06-01 23:17:36.979","/inventor/chimpum/update",1313
"2022-06-01 23:17:38.012","/master/welcome",969
"2022-06-01 23:17:39.487","/master/welcome",876
"2022-06-01 23:17:42.38","/master/welcome",793
"2022-06-01 23:17:43.369","/master/welcome",946
"2022-06-01 23:17:44.735","/master/sign-in",769
"2022-06-01 23:17:46.838","/master/welcome",745
"2022-06-01 23:17:48.864","/inventor/chimpum/list",1321
"2022-06-01 23:17:50.842","/inventor/chimpum/show",1147
"2022-06-01 23:17:53.973","/inventor/chimpum/update",1277
"2022-06-01 23:17:55.234","/master/welcome",1203
"2022-06-01 23:17:56.639","/master/welcome",797
